Color,Danger
Red,Skin irritation and discomfort for chicks.
Orange,Harmful chemicals that can lead to poisoning in chicks.
Yellow,Allergic reactions in some chicks leading to health issues.
Green,Toxic substances that can be harmful if ingested by chicks.
Purple,Eye irritation and vision problems for chicks.
Blue,Chemicals that can negatively affect the respiratory system of chicks.
Pink,Digestive problems and gastrointestinal issues in chicks.
White,Bleaching agents that can damage the feathers and skin of chicks.
Black,Overheating in the chicks due to its ability to absorb more heat.
